{"stats":{"minecraft:mined":{"minecraft:short_grass":1,"minecraft:birch_log":10,"minecraft:birch_leaves":13},"minecraft:killed":{"minecraft:pig":2},"minecraft:custom":{"minecraft:time_since_rest":139,"minecraft:crouch_one_cm":4597,"minecraft:play_time":11931,"minecraft:sprint_one_cm":43962,"minecraft:walk_one_cm":22181,"minecraft:damage_taken":8158,"minecraft:deaths":13,"minecraft:sneak_time":1196,"minecraft:walk_under_water_one_cm":3037,"minecraft:mob_kills":2,"minecraft:drop":1,"minecraft:jump":310,"minecraft:damage_dealt":681,"minecraft:leave_game":1,"minecraft:time_since_death":105,"minecraft:walk_on_water_one_cm":1987,"minecraft:total_world_time":11931,"minecraft:swim_one_cm":9132,"minecraft:interact_with_crafting_table":1,"minecraft:fall_one_cm":82779,"minecraft:fly_one_cm":69036,"minecraft:player_kills":1},"minecraft:dropped":{"minecraft:oak_sapling":1},"minecraft:used":{"minecraft:diamond_sword":2,"minecraft:crafting_table":1,"minecraft:birch_sapling":2,"minecraft:netherite_helmet":1},"minecraft:picked_up":{"minecraft:birch_log":10,"minecraft:porkchop":2,"minecraft:oak_sapling":2,"minecraft:birch_sapling":2},"minecraft:killed_by":{"minecraft:player":6},"minecraft:crafted":{"minecraft:birch_planks":40,"minecraft:crafting_table":1,"minecraft:stick":4,"minecraft:wooden_pickaxe":1}},"DataVersion":3839}