{"stats":{"minecraft:mined":{"minecraft:birch_leaves":1},"minecraft:custom":{"minecraft:jump":108,"minecraft:time_since_rest":5775,"minecraft:leave_game":1,"minecraft:damage_dealt":385,"minecraft:walk_on_water_one_cm":436,"minecraft:deaths":3,"minecraft:sprint_one_cm":8143,"minecraft:play_time":13911,"minecraft:damage_taken":2314,"minecraft:time_since_death":5729,"minecraft:walk_one_cm":8865,"minecraft:total_world_time":13911,"minecraft:walk_under_water_one_cm":872,"minecraft:swim_one_cm":1612,"minecraft:drop":1,"minecraft:fall_one_cm":8494,"minecraft:fly_one_cm":19984,"minecraft:player_kills":4},"minecraft:dropped":{"minecraft:diamond_sword":1},"minecraft:used":{"minecraft:diamond_sword":4},"minecraft:picked_up":{"minecraft:diamond_block":64}},"DataVersion":3839}