{"stats":{"minecraft:mined":{"minecraft:birch_log":10,"minecraft:birch_leaves":3,"minecraft:oak_log":31,"minecraft:dirt":1,"minecraft:oak_leaves":8},"minecraft:killed":{"minecraft:pig":3},"minecraft:custom":{"minecraft:time_since_rest":2159,"minecraft:sprint_one_cm":62419,"minecraft:damage_taken":765,"minecraft:walk_one_cm":23372,"minecraft:mob_kills":3,"minecraft:drop":7,"minecraft:damage_dealt":1143,"minecraft:swim_one_cm":8861,"minecraft:interact_with_crafting_table":2,"minecraft:player_kills":3,"minecraft:fly_one_cm":46257,"minecraft:open_chest":8,"minecraft:crouch_one_cm":195,"minecraft:play_time":13271,"minecraft:deaths":4,"minecraft:sneak_time":75,"minecraft:walk_under_water_one_cm":4446,"minecraft:jump":287,"minecraft:time_since_death":2131,"minecraft:walk_on_water_one_cm":3263,"minecraft:total_world_time":13271,"minecraft:fall_one_cm":8986},"minecraft:dropped":{"minecraft:diamond_block":64,"minecraft:birch_sapling":2,"minecraft:oak_sapling":1,"minecraft:birch_log":18},"minecraft:used":{"minecraft:wooden_axe":10,"minecraft:netherite_sword":5,"minecraft:chest":1,"minecraft:netherite_boots":1,"minecraft:diamond_sword":7,"minecraft:dirt":1,"minecraft:netherite_leggings":1,"minecraft:crafting_table":1,"minecraft:netherite_helmet":1},"minecraft:picked_up":{"minecraft:wooden_axe":1,"minecraft:birch_log":28,"minecraft:netherite_boots":1,"minecraft:stick":6,"minecraft:diamond_sword":2,"minecraft:porkchop":9,"minecraft:oak_log":40,"minecraft:netherite_leggings":1,"minecraft:dirt":1,"minecraft:netherite_helmet":1,"minecraft:oak_sapling":24,"minecraft:birch_sapling":6,"minecraft:oak_planks":3},"minecraft:killed_by":{"minecraft:player":2},"minecraft:crafted":{"minecraft:oak_planks":8,"minecraft:crafting_table":1,"minecraft:stick":4,"minecraft:wooden_axe":1,"minecraft:chest":1,"minecraft:birch_planks":40}},"DataVersion":3839}